year,swe_mean
2014,7.779977
2015,3.469444
2016,9.128513
2017,11.66866
2018,9.777473
2019,7.172341
2020,9.584738
2021,10.936142
2022,10.921267