month,swe
1,16.837625
2,19.061541
3,21.995198
4,24.941954
5,22.874897
6,10.516305
7,1.543181
8,0.537564
9,0.533654
10,0.678368
11,2.989727
12,9.181241