month,swe
1,14.783257
2,19.373967
3,25.837079
4,29.538334
5,16.065330
6,2.684546
7,0.533818
8,0.510326
9,0.508459
10,0.792868
11,2.762594
12,4.633842